{
    "version": 2,
    "builds": [
        { "src": "/api/index.php", "use": "vercel-php@0.6.0" },
        { "src": "/public/**", "use": "@vercel/static" }
    ],
    "routes": [
        {
            "src": "/(css|js)/(.*)",
            "dest": "public/$1/$2"
        },
        {
            "src": "/(.*)",
            "dest": "/api/index.php"
        }
    ],
    "env": {
        "APP_NAME": "LeafedFox",
        "APP_ENV": "production",
        "APP_DEBUG": "false",
        "APP_URL": "https://leafedfox-website.vercel.app",
        "VERCEL_DEMO_MODE": "true",
        "APP_CONFIG_CACHE": "/tmp/config.php",
        "APP_EVENTS_CACHE": "/tmp/events.php",
        "APP_PACKAGES_CACHE": "/tmp/packages.php",
        "APP_ROUTES_CACHE": "/tmp/routes.php",
        "APP_SERVICES_CACHE": "/tmp/services.php",
        "CACHE_DRIVER": "array",
        "LOG_CHANNEL": "stderr",
        "SESSION_DRIVER": "array",
        "VIEW_COMPILED_PATH": "/tmp/views",
        "SSR_TEMP_PATH": "/tmp/ssr",
        "NODE_PATH": "node",
        "ASSET_URL": "${VERCEL_URL}"
    }
}